,best_match_score,__id_left,__id_right,full_name_left,wine_country_left,wine_region_left,wine_type_left,full_name_right,wine_country_right,wine_region_right,wine_type_right
2208,1.54632462214266,12_left,2179_right,Domaine Grand Veneur Côtes du Rhône A.C. Les Champauvins,Frankreich,Côtes du Rhône,red,Alain Jaume Domaine Grand Veneur Côtes du Rhône Les Champauvins,Frankreich,Côtes-du-Rhône,red
2209,1.4271010858524689,13_left,3141_right,"Domaine Grand Veneur ""Le Miocène"" Châteauneuf-du-Pape A.C. 0,375l",Frankreich,Châteauneuf-du-Pape,red,Alain Jaume Domaine Grand Veneur Châteauneuf-du-Pape 'Le Miocène',Frankreich,Châteauneuf-du-Pape,red
3750,1.2960326287583745,21_left,2179_right,"Domaine Grand Veneur Côtes du Rhône A.C. Les Champauvins 1,5l Magnum",Frankreich,Côtes du Rhône,red,Alain Jaume Domaine Grand Veneur Côtes du Rhône Les Champauvins,Frankreich,Côtes-du-Rhône,red
23171,1.0677316719138168,130_left,12455_right,Antech Crémant de Limoux Brut A.C. Cuvée Eugenie,Frankreich,,sparkling,Antech Cuvée Eugénie Crémant de Limoux Brut,Frankreich,Crémant de Limoux,sparkling
16635,1.017743579386306,92_left,8618_right,Hermanos del Villar Oro de Castilla Verdejo D.O. Rueda,Spanien,Rueda,white,Hnos. del Villar Oro de Castilla Verdejo,Spanien,Rueda,white
8325,0.8270303987281288,46_left,2179_right,"Alain Jaume & Fils (Domaine Grand Veneur) Ventoux A.C. ""Les Gélinottes""",Frankreich,Côtes du Rhône,red,Alain Jaume Domaine Grand Veneur Côtes du Rhône Les Champauvins,Frankreich,Côtes-du-Rhône,red
23408,0.8174396785295313,133_left,12455_right,"Antech Crémant de Limoux Brut A.C. Cuvée Eugenie Magnum (1,5l)",Frankreich,,sparkling,Antech Cuvée Eugénie Crémant de Limoux Brut,Frankreich,Crémant de Limoux,sparkling
23007,0.7811902440215212,129_left,12109_right,Antech Crémant de Limoux Brut Rosé Cuvée Émotion,Frankreich,Languedoc-Roussillon,rosé,Antech Émotion Crémant de Limoux Rosé,Frankreich,Crémant de Limoux,sparkling
21198,0.7811902440215212,116_left,12109_right,Antech Crémant de Limoux Brut Rosé Cuvée Émotion,Frankreich,Languedoc-Roussillon,rosé,Antech Émotion Crémant de Limoux Rosé,Frankreich,Crémant de Limoux,sparkling
15725,0.7359675528418665,86_left,2578_right,Grand Veneur Côtes du Rhône A.C. Blanc,Frankreich,Côtes du Rhône,white,E. Guigal Côtes-du-Rhône Blanc,Frankreich,Côtes-du-Rhône,white
18113,0.7306168280643061,100_left,5195_right,Weingut Hain Piesporter Goldtröpfchen Riesling Kabinett feinherb,Deutschland,Mosel,white,Ansgar Clüsserath Piesporter Goldtröpfchen Riesling Feinherb,Deutschland,Mosel,white
17945,0.71803378907355,99_left,5647_right,Weingut Hain Piesporter Riesling Q.b.A. trocken,Deutschland,Mosel,white,Weingut Hain Piesporter Riesling Trocken,Deutschland,Piesport,white
17520,0.71803378907355,97_left,5647_right,Weingut Hain Piesporter Riesling Q.b.A. trocken,Deutschland,Mosel,white,Weingut Hain Piesporter Riesling Trocken,Deutschland,Piesport,white
3977,0.6904118905206451,24_left,3141_right,"Domaine Grand Veneur Châteauneuf-du-Pape A.C. ""Les Origines""",Frankreich,Châteauneuf-du-Pape,red,Alain Jaume Domaine Grand Veneur Châteauneuf-du-Pape 'Le Miocène',Frankreich,Châteauneuf-du-Pape,red
22601,0.6695067384638644,124_left,12185_right,"Grand Veneur Côtes du Rhône A.C. Rosé ""Bellissime""",Frankreich,Côtes du Rhône,rosé,E. Guigal Côtes-du-Rhône Rosé,Frankreich,Côtes-du-Rhône,rosé
18263,0.6135478507848975,101_left,5195_right,Weingut Hain Piesporter Goldtröpfchen Riesling Alte Reben feinherb,Deutschland,Mosel,white,Ansgar Clüsserath Piesporter Goldtröpfchen Riesling Feinherb,Deutschland,Mosel,white
3751,0.5908509135318469,22_left,2179_right,Alain Jaume & Fils (Domaine Grand Veneur) Gigondas A.C. Terrasses de Montmirail,Frankreich,Côtes du Rhône,red,Alain Jaume Domaine Grand Veneur Côtes du Rhône Les Champauvins,Frankreich,Côtes-du-Rhône,red
15571,0.5330677048772421,82_left,6_right,Nicolas Duffour Les Aubas Sauvignon Blanc & Gros-Manseng Medium I.G.P. Côtes de Gascogne,Frankreich,Gascogne,white,Horgelus Côtes de Gascogne Sauvignon - Gros Manseng,Frankreich,Côtes de Gascogne,white
18627,0.5175643542632344,103_left,2578_right,"Grand Veneur Côtes du Rhône A.C. Blanc 0,375l",Frankreich,Côtes du Rhône,white,E. Guigal Côtes-du-Rhône Blanc,Frankreich,Côtes-du-Rhône,white
7252,0.5100329988299791,40_left,2179_right,Grand Veneur Côtes du Rhône A.C. Rouge,Frankreich,Côtes du Rhône,red,Alain Jaume Domaine Grand Veneur Côtes du Rhône Les Champauvins,Frankreich,Côtes-du-Rhône,red
15655,0.49981799717922637,83_left,6_right,Nicolas Duffour Les Aubas Gros-Manseng I.G.P. Côtes de Gascogne,Frankreich,Gascogne,white,Horgelus Côtes de Gascogne Sauvignon - Gros Manseng,Frankreich,Côtes de Gascogne,white
16499,0.49505262776458275,91_left,8618_right,Hermanos del Villar Oro de Castilla Sauvignon Blanc D.O. Rueda,Spanien,Rueda,white,Hnos. del Villar Oro de Castilla Verdejo,Spanien,Rueda,white
1726,0.473004261300149,8_left,306_right,Hermanos del Villar Gaudeamus Roble D.O. Ribera del Duero,Spanien,Ribera del Duero,red,Legaris Ribera del Duero Roble,Spanien,Ribera del Duero,red
22984,0.45154009341210816,128_left,10273_right,Antech Crémant de Limoux A.C. Brut Cuvée Elixir,Frankreich,Languedoc-Roussillon,sparkling,Antech Grande Cuvée Crémant de Limoux Brut,Frankreich,Crémant de Limoux,sparkling
21805,0.4511035398852322,119_left,12185_right,"Grand Veneur Côtes du Rhône A.C. Rosé ""Bellissimé"" 0,375l",Frankreich,Côtes du Rhône,rosé,E. Guigal Côtes-du-Rhône Rosé,Frankreich,Côtes-du-Rhône,rosé
15721,0.4500335085584447,84_left,297_right,Château Puyanché Francs Côtes de Bordeaux A.C. Blanc Sec,Frankreich,Bordeaux,white,Château Guiraud Le G de Guiraud Bordeaux Blanc Sec,Frankreich,Bordeaux,white
3924,0.44720328640168877,23_left,2179_right,Alain Jaume & Fils (Domaine Grand Veneur) Vacqueyras A.C. La Grande Garrigue,Frankreich,Côtes du Rhône,red,Alain Jaume Domaine Grand Veneur Côtes du Rhône Les Champauvins,Frankreich,Côtes-du-Rhône,red
23184,0.4148836925804147,131_left,10273_right,Antech Crémant de Limoux A.C. Brut Cuvée Héritage,Frankreich,Languedoc-Roussillon,sparkling,Antech Grande Cuvée Crémant de Limoux Brut,Frankreich,Crémant de Limoux,sparkling
14934,0.38469002041971195,79_left,846_right,Weingut Hain Piesporter Goldtröpfchen Riesling Kabinett trocken,Deutschland,Mosel,white,Weingut Reinhold Haart Goldtröpfchen Kabinett,Deutschland,Mosel,white
14552,0.3644555639696746,77_left,5647_right,Weingut Hain Piesporter Riesling Q.b.A. feinherb,Deutschland,Mosel,white,Weingut Hain Piesporter Riesling Trocken,Deutschland,Piesport,white
8326,0.291629800251347,47_left,2179_right,"Grand Veneur Côtes du Rhône A.C. Rouge 0,375l",Frankreich,Côtes du Rhône,red,Alain Jaume Domaine Grand Veneur Côtes du Rhône Les Champauvins,Frankreich,Côtes-du-Rhône,red
19581,0.2795307433615993,108_left,7645_right,Specogna Pinot Grigio Venezia Giulia,Italien,Friaul - Julisch Venetien,rosé,Lis Neris Venezia Giulia Pinot Grigio,Italien,Venezia Giulia,white
22651,0.2795307433615993,126_left,7645_right,Specogna Pinot Grigio Venezia Giulia,Italien,Friaul - Julisch Venetien,rosé,Lis Neris Venezia Giulia Pinot Grigio,Italien,Venezia Giulia,white
5065,0.2704981774482897,30_left,6636_right,Teanum ÒTRE Primitivo I.G.T. Puglia,Italien,Apulien,red,Teanum Òtre Primitivo,Italien,Puglia,red
1776,0.2577731783722259,9_left,6636_right,"Teanum ÒTRE Negroamaro ""Fish""",Italien,Apulien,red,Teanum Òtre Primitivo,Italien,Puglia,red
22616,0.23961374771436414,125_left,10029_right,Bagordi Rosado D.O.C. Rioja,Spanien,Rioja,rosé,Marqués de Cáceres Rioja Rosado,Spanien,Rioja,rosé
15724,0.22803566532216699,85_left,922_right,Domaine Grand Veneur Blanc de Viognier Côtes du Rhône A.C.,Frankreich,Côtes du Rhône,white,Château de Beaucastel Coudoulet de Beaucastel Côtes du Rhône Blanc,Frankreich,Côtes-du-Rhône,white
15946,0.2269431350176337,88_left,5615_right,Cantina Trerè Rè Famoso Bianco I.G.T. Ravenna,Italien,Emilia-Romagna,white,Trere Re Famoso Ravenna Bianco,Italien,Ravenna,white
1900,0.17781152042234277,10_left,6636_right,Teanum ÒTRE Nero di Troia,Italien,Apulien,red,Teanum Òtre Primitivo,Italien,Puglia,red
23665,0.1748976614382372,136_left,12100_right,Weingut Hain Riesling Sekt Brut,Deutschland,Mosel,sparkling,Peter Lauer Riesling Sekt Brut Réserve,Deutschland,Mosel,sparkling
23642,0.16000571555925192,135_left,10273_right,Antech Blanquette de Limoux Brut A.C. Cuvée Tradition,Frankreich,,sparkling,Antech Grande Cuvée Crémant de Limoux Brut,Frankreich,Crémant de Limoux,sparkling
12106,0.15979691268869117,65_left,4770_right,Bagordi Garnacha Crianza D.O.C. Rioja,Spanien,Rioja,red,Castillo Clavijo Rioja Crianza Tempranillo - Garnacha,Spanien,Rioja,red
9484,0.08737603928268799,53_left,382_right,Bagordi Crianza D.O.C. Rioja,Spanien,Rioja,red,Viña Real Rioja Crianza,Spanien,Rioja,red
17073,0.07626542825126778,95_left,1846_right,Weingut Hain Weißburgunder Q.b.A. trocken,Deutschland,Mosel,white,Weingut Metzger Weissburgunder Trocken,Deutschland,Pfalz,white
12233,0.05855840529405313,66_left,4738_right,Bagordi Graciano Crianza D.O.C. Rioja,Spanien,Rioja,red,Marqués de Cáceres Rioja Crianza,Spanien,Rioja,red
2039,0.05483237551794221,11_left,7605_right,Teanum VENTO Rosso Nero di Troia & Primitivo,Italien,Apulien,red,Boccantino Nero di Troia - Primitivo,Italien,Puglia,red
1077,0.03301037052871121,5_left,8723_right,Château Godard Bellevue Francs Côtes de Bordeaux A.C. Rouge,Frankreich,Bordeaux,red,Château d'Haurets Bordeaux Rouge,Frankreich,Bordeaux,red
13511,0.03231066633956367,72_left,277_right,Kassner-Simon Weißer Burgunder Q.b.A. trocken,Deutschland,Pfalz,white,Wittmann Weisser Burgunder Trocken,Deutschland,Rheinhessen,white
16767,0.028988429869381195,93_left,8618_right,Hermanos del Villar Azoe Verdejo D.O. Rueda,Spanien,Rueda,white,Hnos. del Villar Oro de Castilla Verdejo,Spanien,Rueda,white
22369,0.02212174696709838,122_left,11258_right,Domaine Girard Garriguette Rosé I.G.P.,Frankreich,Languedoc-Roussillon,rosé,Domaine Lafage Côté Rosé,Frankreich,Languedoc-Roussillon,rosé
14702,-0.0041257007457752735,78_left,5647_right,Weingut Hain Chardonnay Q.b.A. trocken,Deutschland,Mosel,white,Weingut Hain Piesporter Riesling Trocken,Deutschland,Piesport,white
17267,-0.040806083498726387,96_left,7445_right,Domaine Girard Chardonnay Classique I.G.P.,Frankreich,Languedoc-Roussillon,white,Domaine Lafage Novellum Chardonnay,Frankreich,Languedoc-Roussillon,white
20982,-0.04818630845401248,115_left,10900_right,Nicolas Duffour Le Galopin de Gascogne Rosé I.G.P.,Frankreich,Gascogne,rosé,Horgelus Côtes de Gascogne Rosé,Frankreich,Côtes de Gascogne,rosé
5419,-0.08173618818143359,32_left,5166_right,Rignana Le Villane Rosso Toscano I.G.T.,Italien,Toskana,red,Fattoria I Veroni Rosso di Toscana,Italien,Toscana,red
17688,-0.09774761528524661,98_left,3111_right,Weingut Hain Spätburgunder Blanc de Noir Q.b.A. trocken,Deutschland,Mosel,rosé,Manz Blanc de Noir Spätburgunder Trocken,Deutschland,Rheinhessen,white
22372,-0.09774761528524661,123_left,3111_right,Weingut Hain Spätburgunder Blanc de Noir Q.b.A. trocken,Deutschland,Mosel,rosé,Manz Blanc de Noir Spätburgunder Trocken,Deutschland,Rheinhessen,white
23876,-0.1191116179443719,138_left,12231_right,"Casalini ""Cal Busa"" Prosecco di Valdobbiadene Spumante D.O.C.G. Superiore Extra Dry",Italien,Veneto,sparkling,Col de' Salici Valdobbiadene Prosecco Superiore Millesimato Extra Dry,Italien,Conegliano-Valdobbiadene Prosecco,sparkling
20343,-0.12223950631362404,112_left,12628_right,Kassner-Simon Merlot Blanc de Noir Q.b.A. trocken,Deutschland,Pfalz,rosé,Schittler-Becker Merlot Blanc de Noir Trocken,Deutschland,Rheinhessen,rosé
13634,-0.12223950631362404,73_left,12628_right,Kassner-Simon Merlot Blanc de Noir Q.b.A. trocken,Deutschland,Pfalz,rosé,Schittler-Becker Merlot Blanc de Noir Trocken,Deutschland,Rheinhessen,rosé
13900,-0.1335162401884594,74_left,2897_right,Kassner-Simon Grauburgunder Q.b.A. trocken,Deutschland,Pfalz,white,Studier Grauburgunder Trocken,Deutschland,Pfalz,white
14331,-0.158037909672162,76_left,1802_right,Kassner-Simon Riesling Q.b.A. trocken,Deutschland,Pfalz,white,A. Christmann Riesling,Deutschland,Pfalz,white
16868,-0.15930314345166116,94_left,6636_right,Teanum ÒTRE Falanghina I.G.T. Puglia,Italien,Apulien,white,Teanum Òtre Primitivo,Italien,Puglia,red
832,-0.1639545980657805,4_left,8896_right,Nicolas Duffour Le Galopin de Gascogne Rouge I.G.P.,Frankreich,Gascogne,rosé,Domaine de Pellehaut Harmonie de Gascogne Rouge,Frankreich,Côtes de Gascogne,red
7492,-0.164654603973676,42_left,6636_right,Teanum Gran Tiati,Italien,Apulien,red,Teanum Òtre Primitivo,Italien,Puglia,red
23421,-0.17629763010618524,134_left,9799_right,Antech Blanquette de Limoux A.C. Doux et fruité Méthode ancestrale,Frankreich,Languedoc-Roussillon,sparkling,Antech Réserve Blanquette de Limoux Brut,Frankreich,Blanquette de Limoux,sparkling
3322,-0.17810794076910214,19_left,347_right,Rejadorada Tinto Roble D.O. Toro,Spanien,Toro,red,Pintia Toro,Spanien,Toro,red
23669,-0.18582275924734074,137_left,12231_right,"Casalini ""Cal Busa"" Prosecco di Valdobbiadene Spumante D.O.C.G. Superiore Extra Dry Magnum",Italien,Veneto,sparkling,Col de' Salici Valdobbiadene Prosecco Superiore Millesimato Extra Dry,Italien,Conegliano-Valdobbiadene Prosecco,sparkling
23207,-0.1890026964491666,132_left,9859_right,"Casalini ""Rovede"" Prosecco di Valdobbiadene Spumante D.O.C.G. Superiore Brut",Italien,Veneto,sparkling,De Faveri Valdobbiadene Prosecco Superiore Brut,Italien,Prosecco,sparkling
15358,-0.19229670199279336,81_left,3362_right,Nicolas Duffour Le Galopin de Gascogne Blanc I.G.P.,Frankreich,Gascogne,white,Plaimont Colombelle L'Original Côtes de Gascogne Blanc,Frankreich,Côtes de Gascogne,white
12397,-0.19563321865872352,67_left,8801_right,Ochoa Tempranillo Crianza D.O. Navarra,Spanien,Navarra,red,Baigorri Crianza  Tempranillo,Spanien,Rioja,red
3111,-0.22097701034803693,18_left,1986_right,Rejadorada Reja Joven D.O. Toro,Spanien,Toro,red,Viña Bujanda Rioja Tinto Joven,Spanien,Rioja,red
2873,-0.2265878221113068,17_left,347_right,Rejadorada Novellum Crianza D.O. Toro,Spanien,Toro,red,Pintia Toro,Spanien,Toro,red
21567,-0.25410947877154955,118_left,9840_right,Teanum VENTO Rosato Nero di Troia & Negroamaro,Italien,Apulien,rosé,Vecchia Torre Negroamaro Salento Rosato,Italien,Salento,rosé
14129,-0.25996176317102193,75_left,4417_right,Kassner-Simon Auxerrois Q.b.A. trocken,Deutschland,Pfalz,white,Ellermann-Spiegel Auxerrois,Deutschland,Pfalz,white
5194,-0.27534040146948713,31_left,5457_right,Rignana Chianti Classico D.O.C.G. Gallo Nero Gran Selezione,Italien,Toskana,red,Tenuta di Nozzole Chianti Classico Gran Selezione,Italien,Chianti Classico,red
8546,-0.30263526832665893,49_left,456_right,Cantina di Venosa Terre di Orazio D.O.P. Aglianico del Vulture,Italien,Basilikata,red,Terre degli Svevi Taglio del Tralcio Aglianico del Vulture,Italien,Aglianico del Vulture,red
1522,-0.30405249612340834,7_left,12701_right,Cantina Trerè Cà More Ravenna Rosso I.G.T.,Italien,Emilia-Romagna,white,Ceci To You (a te) Bolle di Lambrusco Rosso,Italien,Emilia-Romagna,sparkling
9282,-0.31670641136392746,52_left,1158_right,Château Arbo Bordeaux A.O.C. Montagne-Saint-Émilion,Frankreich,Bordeaux,red,Château Malbec Bordeaux,Frankreich,Bordeaux,red
1285,-0.31670641136392746,6_left,1158_right,Château Arbo Bordeaux A.O.C. Montagne-Saint-Émilion,Frankreich,Bordeaux,red,Château Malbec Bordeaux,Frankreich,Bordeaux,red
6388,-0.31670641136392746,36_left,1158_right,Château Arbo Bordeaux A.O.C. Montagne-Saint-Émilion,Frankreich,Bordeaux,red,Château Malbec Bordeaux,Frankreich,Bordeaux,red
8110,-0.3208119559345569,45_left,6687_right,Domaine Girard Pinot Noir I.G.P.,Frankreich,Languedoc-Roussillon,red,Domaine Faiveley Pinot Noir Bourgogne,Frankreich,Bourgogne,red
9536,-0.3463712771188718,54_left,3901_right,Bagordi Tinto Cosecha 6 Meses Barrica D.O.C. Rioja,Spanien,Rioja,red,Rioja Vega Tinto,Spanien,Rioja,red
18639,-0.3558613712262538,104_left,1948_right,Bagordi Blanco D.O.C. Rioja,,,,Marqués de Cáceres Rioja Blanco,Spanien,Rioja,white
3538,-0.3613679238097054,20_left,3141_right,"Domaine Grand Veneur Châteauneuf-du-Pape A.C. ""Les Origines"" 1,5l Magnum",,,,Alain Jaume Domaine Grand Veneur Châteauneuf-du-Pape 'Le Miocène',Frankreich,Châteauneuf-du-Pape,red
22775,-0.36161644743669963,127_left,3505_right,Cantina Trerè Giòja Romagna Pagadebit Frizzante D.O.C.,Italien,Emilia-Romagna,white,Enio Ottaviani Strati Romagna Pagadebit,Italien,Pagadebit di Romagna,white
15737,-0.36161644743669963,87_left,3505_right,Cantina Trerè Giòja Romagna Pagadebit Frizzante D.O.C.,Italien,Emilia-Romagna,white,Enio Ottaviani Strati Romagna Pagadebit,Italien,Pagadebit di Romagna,white
5685,-0.3635478094826191,33_left,2235_right,Rignana Chianti Classico D.O.C.G. Gallo Nero Riserva,Italien,Toskana,red,I Sodi Chianti Classico Riserva,Italien,Chianti Classico,red
20767,-0.3667133774885576,114_left,10132_right,Cascina Castlèt Rosè Vino Rosato,Italien,Piemont,rosé,Pescaja Le Flëry Rosato,Italien,Piemont,rosé
8752,-0.36996921247344094,50_left,2188_right,Cantina di Venosa Matematico Merlot Vino Rosso Vulcanico,Italien,Basilikata,red,Cantina di Negrar Appassimento Rosso,Italien,Veneto,red
628,-0.3780199730161879,3_left,1168_right,Cascina Castlèt Litina Barbera d'Asti D.O.C.G. Superiore,Italien,Piemont,red,Ricossa Barbera d'Asti Superiore,Italien,Barbera d'Asti,red
424,-0.3780199730161879,2_left,1168_right,Cascina Castlèt Passum Barbera d'Asti D.O.C.G. Superiore,Italien,Piemont,red,Ricossa Barbera d'Asti Superiore,Italien,Barbera d'Asti,red
22108,-0.3867349195729526,121_left,5647_right,Weingut Hain Cuvée Rosé Q.b.A.,Deutschland,Mosel,rosé,Weingut Hain Piesporter Riesling Trocken,Deutschland,Piesport,white
2444,-0.39651113934773435,15_left,347_right,"Rejadorada Tinto Roble D.O. Toro 0,375l",Spanien,Toro,red,Pintia Toro,Spanien,Toro,red
16080,-0.3995392272328818,89_left,12701_right,Gaggioli Bagazzino Bianco Pignoletto D.O.C.,Italien,Emilia-Romagna,white,Ceci To You (a te) Bolle di Lambrusco Rosso,Italien,Emilia-Romagna,sparkling
21820,-0.42096162546300187,120_left,11691_right,Cantina di Venosa Verbo Rosato I.G.P. Basilicata,Italien,Basilikata,rosé,Vigneti del Vulture Basilicata Pipoli Rosato,Italien,Basilicata,rosé
13044,-0.4283999341533878,70_left,347_right,"Rejadorada Tinto Roble D.O. Toro Magnum (1,5l)",Spanien,Toro,red,Pintia Toro,Spanien,Toro,red
3980,-0.431599279614182,25_left,5519_right,Le Lame Sorripa Chianti Classico D.O.C.G. Gallo Nero Gran Selezione,Italien,Toskana,red,Fontodi Vigna del Sorbo Gran Selezione Chianti Classico,Italien,Chianti Classico,red
18881,-0.43410092350943136,105_left,10623_right,Adriana Ochoa 8A Uva Doble Blanco D.O. Navarra,Spanien,Navarra,white,Bodegas Ochoa 8A Moscato de Ochoa de Aguja Frizzante,Spanien,Navarra,sparkling
10685,-0.4423150374993375,59_left,297_right,Château de Lauga Bordeaux A.O.C. Haut-Médoc Cru Artisan,Frankreich,Bordeaux,red,Château Guiraud Le G de Guiraud Bordeaux Blanc Sec,Frankreich,Bordeaux,white
10914,-0.4423150374993375,60_left,297_right,Château de Lauga Bordeaux A.O.C. Haut-Médoc Cru Artisan,Frankreich,Bordeaux,red,Château Guiraud Le G de Guiraud Bordeaux Blanc Sec,Frankreich,Bordeaux,white
10447,-0.4435830892396129,58_left,297_right,"Château de Lauga Bordeaux A.O.C. Haut-Médoc Cru Artisan 0,375l",Frankreich,Bordeaux,red,Château Guiraud Le G de Guiraud Bordeaux Blanc Sec,Frankreich,Bordeaux,white
12605,-0.4459252120430091,68_left,8801_right,"Ochoa Tempranillo Crianza D.O. Navarra 1,5l Magnum",Spanien,Navarra,red,Baigorri Crianza  Tempranillo,Spanien,Rioja,red
4196,-0.44875987850544097,26_left,2235_right,Le Lame Chianti Classico D.O.C.G. Gallo Nero Riserva,Italien,Toskana,red,I Sodi Chianti Classico Riserva,Italien,Chianti Classico,red
13277,-0.4492340966131457,71_left,6636_right,Teanum VENTO Bianco Falanghina & Chardonnay,Italien,Apulien,white,Teanum Òtre Primitivo,Italien,Puglia,red
7896,-0.45799060090912386,44_left,12442_right,Domaine Girard Cuvée Neri Rouge A.O.P. Malepère,Frankreich,Languedoc-Roussillon,red,Domaine J. Laurens Clos des Demoiselles Tête de Cuvée Brut,Frankreich,Languedoc-Roussillon,sparkling
12830,-0.4661702672241462,69_left,10623_right,Adriana Ochoa 8A Mil Gracias Graciano Crianza D.O. Navarra,Spanien,Navarra,red,Bodegas Ochoa 8A Moscato de Ochoa de Aguja Frizzante,Spanien,Navarra,sparkling
2211,-0.46864929147733453,14_left,11258_right,Domaine Girard Tradition Rouge A.O.P. Malepère,Frankreich,Languedoc-Roussillon,red,Domaine Lafage Côté Rosé,Frankreich,Languedoc-Roussillon,rosé
2663,-0.4768798154955924,16_left,347_right,"Rejadorada Novellum Crianza D.O. Toro Magnum (1,5l)",Spanien,Toro,red,Pintia Toro,Spanien,Toro,red
4650,-0.48303944159263296,28_left,6942_right,"Cascina Castlèt ""Vespa"" Barbera d'Asti D.O.C.G.",Italien,Piemont,red,Borgogno Barbera d'Alba,Italien,Piemont,red
11161,-0.5106702642229047,61_left,297_right,"Château de Lauga Bordeaux A.O.C. Haut-Médoc Cru Artisan Magnumflasche (1,5l)",Frankreich,Bordeaux,red,Château Guiraud Le G de Guiraud Bordeaux Blanc Sec,Frankreich,Bordeaux,white
10205,-0.5106702642229047,57_left,297_right,"Château de Lauga Bordeaux A.O.C. Haut-Médoc Cru Artisan Magnumflasche (1,5l)",Frankreich,Bordeaux,red,Château Guiraud Le G de Guiraud Bordeaux Blanc Sec,Frankreich,Bordeaux,white
9979,-0.5173960191639627,56_left,5664_right,La Petite Fleur de Château La Fleur Lauga Bordeaux A.O.C. Saint-Julien Cru Artisan,Frankreich,Bordeaux,red,Château Moulin de la Rose Saint-Julien,Frankreich,Saint-Julien,red
18416,-0.5209518280649853,102_left,6376_right,Cascina Castlèt A Taj Piemonte Chardonnay D.O.C.,Italien,Piemont,white,San Silvestro Ottone I Barbera Piemonte,Italien,Piemont,red
11422,-0.5210384669052911,62_left,456_right,"Cantina di Venosa Terre di Orazio D.O.P. Aglianico del Vulture 0,375l",Italien,Basilikata,red,Terre degli Svevi Taglio del Tralcio Aglianico del Vulture,Italien,Aglianico del Vulture,red
15103,-0.5295083778511309,80_left,1600_right,Cantina di Venosa Verbo Bianco Malvasia I.G.P. Basilicata,Italien,Basilikata,white,Varvaglione 12 e Mezzo Malvasia Bianca di Puglia,Italien,Puglia,white
9772,-0.5326586035700631,55_left,749_right,Château La Fleur Lauga Bordeaux A.O.C. Saint-Julien Cru Artisan,Frankreich,Bordeaux,red,Château Talbot Saint-Julien (Grand Cru Classé),Frankreich,Saint-Julien,red
5917,-0.5462497618049365,34_left,10038_right,Rignana Chianti Classico D.O.C.G. Gallo Nero,Italien,Toskana,red,G. Milazzo Bianco di Nera,Italien,Sizilien,sparkling
6601,-0.5626818951949009,37_left,297_right,"Château Arbo Bordeaux A.O.C. Montagne-Saint-Émilion 1,5l Magnum",Frankreich,Bordeaux,red,Château Guiraud Le G de Guiraud Bordeaux Blanc Sec,Frankreich,Bordeaux,white
9046,-0.5626818951949009,51_left,297_right,"Château Arbo Bordeaux A.O.C. Montagne-Saint-Émilion 1,5l Magnum",Frankreich,Bordeaux,red,Château Guiraud Le G de Guiraud Bordeaux Blanc Sec,Frankreich,Bordeaux,white
11628,-0.578571156534455,63_left,456_right,Cantina di Venosa Gesualdo D.O.P. Aglianico del Vulture,Italien,Basilikata,red,Terre degli Svevi Taglio del Tralcio Aglianico del Vulture,Italien,Aglianico del Vulture,red
20135,-0.5959489730335645,111_left,8204_right,Jean-Pierre Michel Viré-Clessé A.C. Terroirs de Quintaine,Frankreich,Burgund,white,Domaine des Gandines Terroir de Clessé Viré Clessé,Frankreich,Viré-Clessé,white
7253,-0.6074023808851565,41_left,2188_right,Cantina di Venosa Verbo Rosso D.O.P. Aglianico del Vulture,Italien,Basilikata,red,Cantina di Negrar Appassimento Rosso,Italien,Veneto,red
0,-0.6283119664004736,0_left,1168_right,"Cascina Castlèt Passum Barbera d'Asti D.O.C.G. Superiore 1,5l Magnum",Italien,Piemont,red,Ricossa Barbera d'Asti Superiore,Italien,Barbera d'Asti,red
204,-0.6283119664004736,1_left,1168_right,"Cascina Castlèt Litina Barbera d'Asti D.O.C.G. Superiore 1,5l Magnum",Italien,Piemont,red,Ricossa Barbera d'Asti Superiore,Italien,Barbera d'Asti,red
4404,-0.6314618308277583,27_left,10038_right,Le Lame Chianti Classico D.O.C.G. Gallo Nero,Italien,Toskana,red,G. Milazzo Bianco di Nera,Italien,Sizilien,sparkling
8327,-0.6798100724471331,48_left,2431_right,Cantina di Venosa Carato Venusio D.O.C.G. Aglianico del Vulture Superiore,Italien,Basilikata,red,Cantine del Notaio Il Sigillo Aglianico del Vulture,Italien,Aglianico del Vulture,red
7029,-0.6878200656729425,39_left,9502_right,Otero Crianza D.O.P. Valles de Benavente,Spanien,Valles de Benavente,red,D. Mateos Tío Martín Crianza,Spanien,Rioja,red
7682,-0.7010060001524647,43_left,10243_right,"Domaine Girard Cuvée Neri Rouge A.O.P. Malepère Magnum (1,5l)",Frankreich,Languedoc-Roussillon,red,Domaine Lafage La Triple Rosé,Frankreich,Languedoc-Roussillon,sparkling
4858,-0.7014426401712651,29_left,6942_right,"Cascina Castlèt ""Vespa"" Barbera d'Asti D.O.C.G. 0,375l",Italien,Piemont,red,Borgogno Barbera d'Alba,Italien,Piemont,red
19316,-0.7292153907555856,107_left,917_right,Specogna Chardonnay D.O.C. Colli Orientali del Friuli,Italien,Friaul - Julisch Venetien,white,Casale del Giglio Chardonnay Lazio,Italien,Lazio,white
19090,-0.7326991502994733,106_left,83_right,Specogna Friulano D.O.C. Colli Orientali del Friuli,Italien,Friaul - Julisch Venetien,white,Cormòns Friulano Collio,Italien,Collio,white
19919,-0.7411969154949697,110_left,10881_right,Jean-Pierre Michel Macon Villages A.C. Terroir de Quintaine,Frankreich,Burgund,white,Jean Michel Carte Blanche Brut Champagne,Frankreich,Schaumwein,sparkling
6809,-0.7591927330429858,38_left,2074_right,Otero Reserva D.O.P. Valles de Benavente,Spanien,Valles de Benavente,red,Marqués de Cáceres Rioja Reserva,Spanien,Rioja,red
19705,-0.7607470244090933,109_left,215_right,Specogna Sauvignon D.O.C. Colli Orientali del Friuli,Italien,Friaul - Julisch Venetien,white,Cà dei Frati I Frati Lugana,Italien,Lugana,white
21362,-0.7724812620501169,117_left,9861_right,Otero Finca Valleoscuro Rosado D.O.P. Valles de Benavente,Spanien,Valles de Benavente,rosé,Marqués de Riscal Rosado,Spanien,Rioja,rosé
20564,-0.8229233284416586,113_left,11027_right,Kassner-Simon Euphorie Rosé Q.b.A. trocken,,,,Wittmann Rosé Trocken,Deutschland,Rheinhessen,rosé
16282,-0.8447198453656094,90_left,1029_right,Otero Finca Valleoscuro Blanco D.O.P. Valles de Benavente,Spanien,Valles de Benavente,white,Baron de Ley Blanco,Spanien,Rioja,white
11880,-1.0132937848811994,64_left,78_right,Otero Finca Valleoscuro Tinto D.O.P. Valles de Benavente,Spanien,Valles de Benavente,red,Baron de Ley Finca Monasterio Rioja,Spanien,Rioja,red
6155,-1.1449440163930693,35_left,192_right,"Cantina di Venosa Carato Venusio D.O.C.G. Aglianico del Vulture 1,5l Magnum",Italien,Basilikata,red,Terre degli Svevi Re Manfredi Aglianico del Vulture,Italien,Aglianico del Vulture,red
